SchoolName,Area,Type,Affiliations,Parent Volunteer,CCA Sports,CCA Arts,CCA Clubs,CCA Uniformed Groups
Raffles Girlsâ€™ Primary School - Girls only,Bukit Timah,Girls only,-,"60h, requires interview, apply in Dec","Badminton, Basketball, Softball, Table Tennis, Tennis, Rhythmic Gymnastics","Choir, String Ensemble, Chinese Dance, English Drama, Concert Band","Art and Crafts, International Chess","Girlsâ€™ Brigade, Girl Guides (Brownies)"
Gan Eng Seng Primary School,Bukit Merah,Mixed-gender,-,,"Badminton, Basketball, Sepaktakraw, Football, Floorball","Choir, Brass Band, Chinese Dance, Indian Dance, Malay Dance","Art and Crafts, Green Club, Infocomm Technology (Media Production)","Boysâ€™ Brigade, Scouts, Girl Guides (Brownies)"
Tampines North Primary School,Tampines,Mixed-gender,-,,"Badminton, Basketball, Football, Wushu, Tchoukball","Angklung/Kulintang Ensemble, Choir, Dance - International, Indian Dance, Malay Dance","Art and Crafts, Infocomm Technology (Media Production)","Scouts, Girl Guides (Brownies)"
Wellington Primary School,Sembawang,Mixed-gender,-,,"Badminton, Football, Table Tennis, Wushu","Choir, Guzheng Ensemble, Modern Dance, Chinese Dance, Indian Dance, Malay Dance","Art and Crafts, Infocomm Technology (Media Production)",Scouts
Yio Chu Kang Primary School,Hougang,Mixed-gender,-,,"Football, Track and Field, Volleyball","Angklung/Kulintang Ensemble, Choir, Handbell Ensemble, Chinese Dance, Indian Dance, Malay Dance, Modular CCA (Vpa)",Art and Crafts,"Scouts, Girl Guides (Brownies)"
Elias Park Primary School,Pasir Ris,Mixed-gender,-,,"Table Tennis, Volleyball","Chinese Orchestra, Choir, Modern Dance","Infocomm Technology (Computing), Food and Consumer Education",Scouts
Rulang Primary School,Jurong West,Mixed-gender,-,Email the school,"Badminton, Basketball, Softball, Wushu, Volleyball, Rope Skipping","Chinese Orchestra, Choir, Chinese Dance, Malay Dance","Art and Crafts, Robotics, Environmental Science, Infocomm Technology (Media Production)","Scouts, Girl Guides (Brownies)"
Waterway Primary School,Punggol,Mixed-gender,-,,"Basketball, Football","Choir, Brass Band, Modern Dance","Art and Crafts, International Chess, Robotics, Infocomm Technology (Media Production)",Scouts
Bukit Panjang Primary School,Bukit Panjang,Mixed-gender,-,,"Badminton, Basketball, Hockey, Football, Table Tennis, Wushu","Choir, Modern Dance, Chinese Dance, Indian Dance, Malay Dance, English Drama, Concert Band, Chinese Drums","Art and Crafts, Chinese Calligraphy and Brush Painting, Infocomm Technology (Computing), Robotics, Environmental Science","Red Cross Youth, Scouts"
"St. Stephenâ€™s School - Boys only, Affiliated",Bedok,"Gov-aided, Boys only","St. Josephâ€™s Institution, St. Patrickâ€™s School",,"Badminton, Basketball, Cricket, Football, Swimming, Track and Field, Floorball","Brass Band, Modern Dance","Art and Crafts, English Language, Drama and Debating, Robotics, Infocomm Technology (Media Production), Physical Science",Scouts
Northoaks Primary School,Sembawang,Mixed-gender,-,,,,,
Gongshang Primary School,Tampines,Mixed-gender,-,40h,"Badminton, Basketball, Rugby, Track and Field, Wushu, Modular CCA (Sports)","String Ensemble, Handbell Ensemble, Chinese Dance, Malay Dance","Art and Crafts, Infocomm Technology (Computing), Media Resource Library, Environmental Science, Broadcasting, Journalism",Scouts
West View Primary School,Bukit Panjang,Mixed-gender,-,,"Basketball, Rugby, Floorball","Brass Band, Chinese Dance, Malay Dance","Art and Crafts, Chinese Culture and Language",Scouts
Canossa Catholic Primary School - Affiliated,Geylang,"Gov-aided, Mixed-gender",St. Anthonyâ€™s Canossian Secondary School,,"Track and Field, Taekwondo, Modular CCA (Sports)","Choir, Guitar Ensemble, Modern Dance","Art and Crafts, Infocomm Technology (Media Production)","Scouts, Girl Guides (Brownies)"
"Montfort Junior School - Boys only, Affiliated",Hougang,"Gov-aided, Boys only",Montfort Secondary School,,"Badminton, Football, Table Tennis, Taekwondo","Guitar Ensemble, Modern Dance","Art and Crafts, Robotics",Scouts
Fernvale Primary School,Sengkang,Mixed-gender,-,,"Badminton, Basketball, Wushu, Floorball","Guitar Ensemble, Guzheng Ensemble, Percussion Ensemble, Indian Dance","Art and Crafts, Malay Culture and Language, Environmental Science, Infocomm Technology (Media Production)",Scouts
Guangyang Primary School,Bishan,Mixed-gender,-,,"Badminton, Basketball, Wushu","Angklung/Kulintang Ensemble, String Ensemble, Handbell Ensemble, Chinese Dance, Indian Dance, Malay Dance","Art and Crafts, Infocomm Technology (Computing), Chinese Weiqi, Physical Science",Girl Guides (Brownies)
Hong Wen School,Kallang,"Gov-aided, Mixed-gender, SAP",-,40h,"Badminton, Basketball, Football, Table Tennis, Wushu, Rope Skipping","Chinese Orchestra, Choir, Guzheng Ensemble, Chinese Dance, Chinese Drums","Art and Crafts, Chinese Calligraphy and Brush Painting, Chinese Chess, Chinese Weiqi, Environmental Science, Infocomm Technology (Media Production)",
Juying Primary School,Jurong West,Mixed-gender,-,,"Basketball, Football, Taekwondo","Choir, Percussion Ensemble, Modern Dance, Chinese Dance, Malay Dance","Robotics, Environmental Science",
Eunos Primary School,Geylang,Mixed-gender,-,,"Basketball, Netball, Football, Wushu","Choir, Modern Dance, Cultural Dance","Art and Crafts, Robotics, Environmental Science, Infocomm Technology (Media Production)",Red Cross Youth
Woodlands Primary School,Woodlands,Mixed-gender,-,,"Badminton, Football, Volleyball, Tchoukball","Choir, Handbell Ensemble, Chinese Dance, Indian Dance, Malay Dance","Art and Crafts, Chinese Culture and Language, Robotics, Speech and Drama, Media Resource Library",Scouts
Yuhua Primary School,Jurong East,Mixed-gender,-,,"Badminton, Basketball, Netball, Football, Track and Field, Volleyball","Angklung/Kulintang Ensemble, Choir, Brass Band, Chinese Dance",Art and Crafts,Scouts
Geylang Methodist School (Primary) - Affiliated,Geylang,"Gov-aided, Mixed-gender",Geylang Methodist School (Secondary),,"Badminton, Basketball, Netball, Football, Rope Skipping","Angklung/Kulintang Ensemble, Choir, Guzheng Ensemble, Handbell Ensemble, Modern Dance","Art and Crafts, English Culture and Language, Environmental Science","Boysâ€™ Brigade, Girlsâ€™ Brigade"
Tampines Primary School,Tampines,Mixed-gender,-,,"Basketball, Football, Floorball, Modular CCA (Sports)","Choir, Guzheng Ensemble, Modern Dance, Indian Dance, Malay Dance, English Drama","Art and Crafts, Entrepreneurship, Infocomm Technology (Media Production)","Scouts, Girl Guides (Brownies)"
New Town Primary School,Queenstown,Mixed-gender,-,,"Badminton, Basketball, Netball, Football","Choir, Brass Band, Modern Dance, Chinese Dance, Indian Dance, Malay Dance","Art and Crafts, Robotics, Speech and Drama, Infocomm Technology (Media Production)","Red Cross Youth, Girl Guides (Brownies)"
Boon Lay Garden Primary School,Jurong West,Mixed-gender,-,,"Track and Field, Taekwondo, Wushu, Floorball, Bowling","Choir, Chinese Dance, Indian Dance, Malay Dance","Art and Crafts, Audio Visual Aid, Design and Innovation, Environmental Science","Red Cross Youth, Scouts"
Anchor Green Primary School,Sengkang,Mixed-gender,-,,"Basketball, Netball, Wushu, Floorball","Choir, Guzheng Ensemble, Handbell Ensemble, Modern Dance, English Drama, Chinese Drums","Art and Crafts, International Chess, Robotics, Environmental Science, Infocomm Technology (Media Production)",Scouts
Greenwood Primary School,Woodlands,Mixed-gender,-,,"Basketball, Rugby, Track and Field, Volleyball, Rope Skipping","Angklung/Kulintang Ensemble, Choir, String Ensemble, Chinese Dance, Indian Dance, Malay Dance, Chinese Drums","Art and Crafts, English Language, Drama and Debating, Dikir Barat, Environmental Science, Infocomm Technology (Media Production)","Scouts, Girl Guides (Brownies)"
Lianhua Primary School,Bukit Batok,Mixed-gender,-,,"Basketball, Football, Volleyball","Gamelan Ensemble, Handbell Ensemble, Percussion Ensemble, Modern Dance, Chinese Dance, Indian Dance, Malay Dance","Art and Crafts, Robotics, Digital Media, Physical Science",Scouts
"Paya Lebar Methodist Girlsâ€™ School (Primary) - Girls only, Affiliated",Hougang,"Gov-aided, Girls only",Paya Lebar Methodist Girlsâ€™ School (Secondary),,"Badminton, Track and Field, Table Tennis, Rhythmic Gymnastics, Rope Skipping, Modular CCA (Sports)","Angklung/Kulintang Ensemble, Choir, String Ensemble, Handbell Ensemble, Modern Dance","Art and Crafts, Infocomm Technology (Computing), Environmental Science",Girlsâ€™ Brigade
Jurong West Primary School,Jurong West,Mixed-gender,-,,"Badminton, Basketball, Hockey, Netball, Football, Track and Field","Choir, Chinese Dance, Concert Band",Art and Crafts,Scouts
Innova Primary School,Woodlands,Mixed-gender,-,,"Badminton, Netball, Track and Field, Table Tennis, Tennis, Wushu, Volleyball, Rope Skipping","Choir, Harmonica Ensemble, Modern Dance, Chinese Dance, Malay Dance","Art and Crafts, English Language, Drama and Debating, Robotics, Environmental Science","Red Cross Youth, Girl Guides (Brownies)"
Frontier Primary School,Jurong West,Mixed-gender,-,"40h, apply in Jan-Apr","Badminton, Basketball, Rugby, Softball, Rockwall Climbing","Choir, String Ensemble, Modern Dance, Chinese Dance","Art and Crafts, Design and Innovation, Environmental Science","Red Cross Youth, Scouts"
First Toa Payoh Primary School,Toa Payoh,Mixed-gender,-,,"Basketball, Football",Choir,,"Boysâ€™ Brigade, Girlsâ€™ Brigade, Scouts, Girl Guides (Brownies)"
Xishan Primary School,Yishun,Mixed-gender,-,,"Badminton, Basketball, Hockey, Volleyball, Floorball","String Ensemble, Guzheng Ensemble, Chinese Dance, Indian Dance, Malay Dance, English Drama","Art and Crafts, Environmental Science, Infocomm Technology (Media Production), Strategy Games","Red Cross Youth, Scouts"
"Anglo-Chinese School (Junior) - Boys only, Affiliated",Central,"Gov-aided, Boys only","Anglo-Chinese School (Barker Road), Anglo-Chinese School (Independent)",,"Badminton, Rugby, Football, Sailing, Table Tennis, Tennis, Bowling","Choir, String Ensemble, Modern Dance, Concert Band","Art and Crafts, International Chess, Physical Science","Boysâ€™ Brigade, Scouts"
Marymount Convent School - Girls only,Toa Payoh,"Gov-aided, Girls only",-,,"Badminton, Netball, Tennis, Artistic Gymnastics, Rhythmic Gymnastics","Choir, Ensemble -Mixed Instrument, Modern Dance, English Drama","Art and Crafts, Environmental Science, Technology Club",Girl Guides (Brownies)
St. Hildaâ€™s Primary School - Affiliated,Tampines,"Gov-aided, Mixed-gender",St. Hildaâ€™s Secondary School,"Weekly for 2 years, apply by Aug","Hockey, Netball, Sailing, Table Tennis, Volleyball","Choir, String Ensemble, Guzheng Ensemble, Modern Dance, English Drama","Art and Crafts, International Chess, Media Resource Library, Infocomm Technology (Media Production)","Boysâ€™ Brigade, Girlsâ€™ Brigade"
"CHIJ Primary (Toa Payoh) - Girls only, Affiliated",Toa Payoh,"Gov-aided, Girls only",CHIJ Secondary (Toa Payoh),Central Parents Council ðŸ”—,"Fencing, Netball, Swimming, Tennis, Artistic Gymnastics","Choir, Handbell Ensemble","Art and Crafts, Digital Media",Girl Guides (Brownies)
Pioneer Primary School,Jurong West,Mixed-gender,-,,"Netball, Football, Track and Field, Wushu","Chinese Orchestra, Choir, Modern Dance, Indian Dance, Malay Dance","Art and Crafts, Robotics, Physical Science","Boysâ€™ Brigade, Girlsâ€™ Brigade, Scouts"
Oasis Primary School,Punggol,Mixed-gender,-,,,,,
Hougang Primary School,Hougang,Mixed-gender,-,,"Hockey, Football, Wushu, Volleyball, Health and Fitness, Rockwall Climbing","Angklung/Kulintang Ensemble, Brass Band, Guzheng Ensemble, Ballet, Chinese Dance, Indian Dance, Malay Dance, English Drama","Art and Crafts, Photography, Ceramics, Infocomm Technology (Computing), Media Resource Library, Environmental Science",Scouts
Kheng Cheng School,Toa Payoh,"Gov-aided, Mixed-gender",-,,Basketball,"Angklung/Kulintang Ensemble, Chinese Orchestra, Choir","Art and Crafts, Infocomm Technology (Media Production)",Red Cross Youth
Teck Ghee Primary School,Ang Mo Kio,Mixed-gender,-,"40h, apply by Apr","Basketball, Volleyball, Rope Skipping, Health and Fitness","Choir, Guzheng Ensemble, Modern Dance, Chinese Dance","Art and Crafts, Robotics, Environmental Science, Infocomm Technology (Media Production)","Scouts, Girl Guides (Brownies)"
Qifa Primary School,Clementi,Mixed-gender,-,,"Basketball, Table Tennis, Wushu, Volleyball, Floorball","Choir, Guzheng Ensemble, Chinese Dance, Indian Dance, Malay Dance","Art and Crafts, English Language, Drama and Debating, Infocomm Technology (Media Production)","Scouts, Girl Guides (Brownies)"
"Maris Stella High School - Boys only, Affiliated",Toa Payoh,"Autonomous, Gov-aided, Boys only, SAP",Maris Stella High School,,"Badminton, Basketball, Softball, Table Tennis, Taekwondo, Wushu, Bowling, Modular CCA (Sports), Rockwall Climbing","String Ensemble, Concert Band","Art and Crafts, International Chess, Mathematics, Chinese Culture and Language, Robotics, Speech and Drama, Chinese Chess, Environmental Science, Infocomm Technology (Media Production), Physical Science",Scouts
Stamford Primary School,Central,Mixed-gender,-,,"Football, Floorball, Tchoukball","Dance - International, Chinese Instrumental Ensemble","Art and Crafts, Innovatorsâ€™ Club",Scouts
Damai Primary School,Bedok,Mixed-gender,-,,"Rugby, Wushu, Floorball, Rope Skipping, Tchoukball","Modern Dance, Chinese Dance, Malay Dance","Art and Crafts, Photography, Robotics, Environmental Science","Red Cross Youth, Girl Guides (Brownies)"
Zhonghua Primary School,Serangoon,Mixed-gender,-,,"Sepaktakraw, Football, Volleyball","Choir, Chinese Dance, Indian Dance, Malay Dance",Art and Crafts,Scouts
Junyuan Primary School,Tampines,Mixed-gender,-,,"Taekwondo, Volleyball, Floorball, Tchoukball","Choir, Modern Dance, Chinese Dance, Malay Dance, Pop and Jazz","Art and Crafts, Speech and Drama, Media Resource Library, Environmental Science, Infocomm Technology (Media Production)",Scouts
Xinmin Primary School,Hougang,Mixed-gender,-,,"Basketball, Football, Volleyball, Modular CCA (Sports)","Choir, Guzheng Ensemble, Modern Dance, Chinese Dance","Art and Crafts, Environmental Science, Infocomm Technology (Media Production)","Red Cross Youth, Scouts, Girl Guides (Brownies)"
Radin Mas Primary School,Bukit Merah,Mixed-gender,-,,"Basketball, Hockey, Rugby, Football, Table Tennis","Chinese Orchestra, Choir, Chinese Dance","Art and Crafts, Media Resource Library","Boysâ€™ Brigade, Girlsâ€™ Brigade, Scouts"
Seng Kang Primary School,Sengkang,Mixed-gender,-,,,,,
Peiying Primary School,Yishun,Mixed-gender,-,,"Netball, Sepaktakraw, Swimming, Volleyball, Outdoor Adventure","Angklung/Kulintang Ensemble, Choir, Modern Dance, English Drama","Art and Crafts, Mathematics, Infocomm Technology (Media Production), Physical Science","Red Cross Youth, Girl Guides (Brownies)"
Concord Primary School,Choa Chu Kang,Mixed-gender,-,,"Badminton, Sepaktakraw, Volleyball, Floorball","Choir, Brass Band, Indian Dance",,
Bendemeer Primary School,Kallang,Mixed-gender,-,,"Sepaktakraw, Wushu, Rope Skipping","Chinese Dance, Indian Dance, Malay Dance, Concert Band",,
Haig Girlsâ€™ School - Girls only,Geylang,Girls only,-,,"Badminton, Netball, Football, Wushu, Bowling","Choir, Gamelan Ensemble, Handbell Ensemble, Modern Dance, Chinese Dance, Indian Dance","Art and Crafts, English Language, Drama and Debating, Physical Science","Red Cross Youth, Girl Guides (Brownies)"
Yangzheng Primary School,Serangoon,Mixed-gender,-,,"Basketball, Football, Wushu, Rope Skipping","Guzheng Ensemble, Modern Dance, Dance - International, Chinese Dance, Concert Band","Art and Crafts, Chinese Calligraphy and Brush Painting, Digital Media, Environmental Science, Scrabble Club","Scouts, Girl Guides (Brownies)"
Admiralty Primary School,Woodlands,Mixed-gender,-,,"Football, Track and Field, Wushu, Rope Skipping, Modular CCA (Sports)","Choir, Guitar Ensemble, Chinese Dance, Indian Dance, Malay Dance","Art and Crafts, English Language, Drama and Debating, Photography, Infocomm Technology (Computing), Design and Innovation, Environmental Science","Scouts, Girl Guides (Brownies)"
Punggol Primary School,Hougang,Mixed-gender,-,,"Basketball, Hockey, Health and Fitness, Modular CCA (Sports)","Angklung/Kulintang Ensemble, Choir, Guzheng Ensemble, Chinese Dance, Indian Dance, Malay Dance, Concert Band","Art and Crafts, English Language, Drama and Debating, Chinese Calligraphy and Brush Painting, Infocomm Technology (Computing), Design and Innovation, Media Resource Library, Infocomm Technology (Media Production)","Boysâ€™ Brigade, Girlsâ€™ Brigade"
"St. Josephâ€™s Institution Junior - Boys only, Affiliated",Novena,"Gov-aided, Boys only","St. Josephâ€™s Institution, St. Patrickâ€™s School",,"Badminton, Football, Tennis, Bowling","Choir, Modern Dance","Art and Crafts, International Chess, Robotics",Scouts
Si Ling Primary School,Woodlands,Mixed-gender,-,,"Basketball, Sepaktakraw, Football, Floorball","Choir, Guitar Ensemble","Art and Crafts, Environmental Science",Girl Guides (Brownies)
Jurong Primary School,Jurong East,Mixed-gender,-,,"Badminton, Basketball, Netball, Football, Track and Field, Floorball, Outdoor Adventure","Choir, Guzheng Ensemble, Percussion Ensemble, Modern Dance, Cultural Dance","Art and Crafts, Robotics, Digital Media, Environmental Science","Scouts, Girl Guides (Brownies)"
Westwood Primary School,Jurong West,Mixed-gender,-,,"Football, Wushu","Choir, Chinese Dance, Malay Dance","Infocomm Technology (Computing), English Culture and Language",Boysâ€™ Brigade
Lakeside Primary School,Jurong West,Mixed-gender,-,,"Football, Wushu, Volleyball, Rope Skipping","Choir, Harmonica Ensemble, Guzheng Ensemble, Chinese Dance, Indian Dance, Malay Dance, Concert Band","Art and Crafts, Speech and Drama, Dikir Barat, Media Resource Library, Environmental Science, Infocomm Technology (Media Production)",Scouts
Alexandra Primary School,Bukit Merah,Mixed-gender,-,,"Badminton, Basketball, Rugby, Softball, Track and Field, Table Tennis, Tchoukball","Choir, Harmonica Ensemble, Modern Dance, English Drama, Chinese Drums","Art and Crafts, International Chess, Chinese Culture and Language, Robotics, Environmental Science, Infocomm Technology (Media Production), Cheerleading",Scouts
"CHIJ Our Lady Queen of Peace - Girls only, Affiliated",Bukit Panjang,"Gov-aided, Girls only",CHIJ St. Theresaâ€™s Convent,,"Netball, Softball","Choir, Modern Dance, Chinese Dance, English Drama","Art and Crafts, Physical Science",Girl Guides (Brownies)
Bedok Green Primary School,Bedok,Mixed-gender,-,,"Badminton, Basketball, Rugby, Football","Angklung/Kulintang Ensemble, Choir, Guzheng Ensemble, Chinese Dance, Malay Dance, English Drama","Art and Crafts, Infocomm Technology (Media Production)","Scouts, Girl Guides (Brownies)"
Valour Primary School,Punggol,Mixed-gender,-,,,,,
Townsville Primary School,Ang Mo Kio,Mixed-gender,-,,"Badminton, Football, Taekwondo, Floorball","Angklung/Kulintang Ensemble, Choir, Chinese Dance, Indian Dance, Malay Dance","Art and Crafts, English Language, Drama and Debating, Robotics, Infocomm Technology (Media Production), Food and Consumer Education","Boysâ€™ Brigade, Girlsâ€™ Brigade"
"St. Gabrielâ€™s Primary School - Boys only, Affiliated",Serangoon,"Gov-aided, Boys only",St. Gabrielâ€™s Secondary School,,"Badminton, Basketball, Football, Track and Field, Wushu, Golf",Brass Band,"Art and Crafts, Robotics, Catholic Activities Council, Infocomm Technology (Media Production), Physical Science",Scouts
Holy Innocentsâ€™ Primary School - Affiliated,Hougang,"Gov-aided, Mixed-gender, SAP",Holy Innocentâ€™s High School,40h,"Badminton, Basketball, Football, Wushu, Rope Skipping, Outdoor Adventure","Chinese Orchestra, Choir, Guzheng Ensemble, Chinese Dance","Art and Crafts, Chinese Culture and Language, Robotics, Chinese Weiqi, Media Resource Library, Infocomm Technology (Media Production), Physical Science","Red Cross Youth, Girl Guides (Brownies)"
Chongfu School,Yishun,"Gov-aided, Mixed-gender",-,"80h, apply in Sep-Oct ðŸ”—, or via Singapore Hokkein Huay Kuan, 2y membership, 80h ðŸ”—","Track and Field, Table Tennis, Wushu, Floorball, Outdoor Adventure","Chinese Orchestra, Guzheng Ensemble, Percussion Ensemble, Modern Dance, Malay Dance","Art and Crafts, Infocomm Technology (Computing), Speech and Drama, English Culture and Language, Environmental Science","Red Cross Youth, Scouts, Girl Guides (Brownies)"
Ahmad Ibrahim Primary School,Yishun,Mixed-gender,-,,"Badminton, Volleyball, Rope Skipping","Angklung/Kulintang Ensemble, Choir, Harmonica Ensemble, Chinese Dance, Indian Dance, Malay Dance","Art and Crafts, Photography, Robotics",Scouts
Temasek Primary School,Bedok,Mixed-gender,-,,"Badminton, Netball, Football, Track and Field, Taekwondo","Choir, Guitar Ensemble, Modern Dance","Art and Crafts, Robotics, English Culture and Language, Infocomm Technology (Media Production)","Red Cross Youth, Scouts, Girl Guides (Brownies)"
Marsiling Primary School,Woodlands,Mixed-gender,-,,"Rugby, Track and Field, Taekwondo, Tchoukball, Modular CCA (Sports)","Choir, Percussion Ensemble, Chinese Dance, Malay Dance","Art and Crafts, Speech and Drama, Environmental Science, Infocomm Technology (Media Production)","Scouts, Girl Guides (Brownies)"
Pei Hwa Presbyterian Primary School,Bukit Timah,"Gov-aided, Mixed-gender, SAP",-,40h,"Track and Field, Table Tennis, Wushu, Rhythmic Gymnastics, Tchoukball","Choir, Guitar Ensemble, Guzheng Ensemble, Chinese Dance, Chinese Drums","Art and Crafts, Chinese Society, Robotics","Boysâ€™ Brigade, Girlsâ€™ Brigade"
Anderson Primary School,Ang Mo Kio,Mixed-gender,-,"40h, apply in Feb-May","Badminton, Basketball, Football, Volleyball","Angklung/Kulintang Ensemble, Guitar Ensemble, Brass Band, Guzheng Ensemble, Modern Dance, English Drama","Art and Crafts, Robotics, Infocomm Technology (Media Production)","Boysâ€™ Brigade, Girlsâ€™ Brigade"
Clementi Primary School,Clementi,Mixed-gender,-,,"Badminton, Basketball, Football, Taekwondo, Floorball, Rope Skipping","Choir, Brass Band, Modern Dance, Chinese Dance, Indian Dance, Malay Dance","Art and Crafts, International Chess, English Language, Drama and Debating, Robotics, Environmental Science, Infocomm Technology (Media Production)",Girl Guides (Brownies)
Punggol Cove Primary School,Punggol,Mixed-gender,-,,"Badminton, Basketball, Football, Floorball, Health and Fitness, Modular CCA (Sports)","Choir, Modern Dance, English Drama","Art and Crafts, Infocomm Technology (Computing), Environmental Science",Scouts
"Singapore Chinese Girlsâ€™ Primary School - Girls only, Affiliated",Novena,"Gov-aided, Girls only",Singapore Chinese Girlsâ€™ School,40h,"Badminton, Swimming, Tennis, Artistic Gymnastics, Modular CCA (Sports)","Choir, String Ensemble, Handbell Ensemble, Modern Dance, English Drama","Art and Crafts, Chinese Culture and Language, Robotics, Infocomm Technology (Media Production)",Girl Guides (Brownies)
Henry Park Primary School,Bukit Timah,Mixed-gender,-,"40h, apply in Nov","Badminton, Netball, Football, Track and Field, Table Tennis, Tennis, Artistic Gymnastics, Modular CCA (Sports)","Chinese Orchestra, Choir, String Ensemble, Modern Dance, Chinese Dance",Art and Crafts,"Girlsâ€™ Brigade, Scouts, Girl Guides (Brownies)"
Springdale Primary School,Sengkang,Mixed-gender,-,40h,"Badminton, Basketball, Floorball, Artistic Gymnastics, Outdoor Adventure, Modular CCA (Sports)","Choir, Modern Dance, Ukulele Ensemble","Art and Crafts, Design and Innovation, Environmental Science, Infocomm Technology (Media Production)",Scouts
Tanjong Katong Primary School,Marine Parade,Mixed-gender,-,,"Hockey, Netball, Football, Floorball","Choir, Modern Dance, Chinese Dance, Malay Dance","Art and Crafts, Infocomm Technology (Media Production)",Scouts
Sembawang Primary School,Sembawang,Mixed-gender,-,,"Rugby, Softball, Track and Field, Table Tennis, Bowling","Chinese Orchestra, Choir, Chinese Dance, Indian Dance, Malay Dance, English Drama","Art and Crafts, International Chess, Infocomm Technology (Computing), Media Resource Library, Physical Science",Red Cross Youth
North Spring Primary School,Sengkang,Mixed-gender,-,,"Badminton, Basketball, Football, Wushu","Choir, Guitar Ensemble, String Ensemble, English Drama, Tap Dance","Art and Crafts, Ceramics, Media Resource Library","Scouts, Girl Guides (Brownies)"
Poi Ching School,Tampines,"Gov-aided, Mixed-gender, SAP",-,40h,"Badminton, Basketball, Table Tennis, Wushu, Volleyball, Outdoor Adventure","Chinese Orchestra, Brass Band, Chinese Dance, Opera/Operatta, Chinese Drums","Art and Crafts, Chinese Calligraphy and Brush Painting, Infocomm Technology (Computing), Physical Science","Scouts, Girl Guides (Brownies)"
Chua Chu Kang Primary School,Choa Chu Kang,Mixed-gender,-,,"Badminton, Basketball, Football, Floorball","Choir, Percussion Ensemble, Chinese Dance, Indian Dance, Malay Dance, English Drama","Art and Crafts, Robotics, Environmental Science",Scouts
Dazhong Primary School,Bukit Batok,Mixed-gender,-,,"Netball, Football, Wushu","Choir, Western Orchestra, Modern Dance","Art and Crafts, Design and Innovation","Scouts, Girl Guides (Brownies)"
Corporation Primary School,Jurong West,Mixed-gender,-,,"Basketball, Netball, Football, Volleyball","Choir, Percussion Ensemble, Modern Dance, Chinese Dance, Malay Dance","Art and Crafts, Environmental Science","Red Cross Youth, Girl Guides (Brownies)"
Cedar Primary School,Toa Payoh,Mixed-gender,-,,"Football, Softball, Track and Field, Outdoor Adventure, Modular CCA (Sports)","Angklung/Kulintang Ensemble, Brass Band, Modern Dance","Art and Crafts, English Language, Drama and Debating, Robotics, Design and Innovation, Infocomm Technology (Media Production), Community Service","Boysâ€™ Brigade, Girlsâ€™ Brigade"
Fuchun Primary School,Woodlands,Mixed-gender,-,,"Badminton, Basketball, Football, Table Tennis","Choir, Guitar Ensemble, String Ensemble, Brass Band, Modern Dance","Art and Crafts, English Language, Drama and Debating, Environmental Science, Infocomm Technology (Media Production)","Scouts, Girl Guides (Brownies)"
"St. Anthonyâ€™s Canossian Primary School - Girls only, Affiliated",Bedok,"Gov-aided, Girls only",St. Anthonyâ€™s Canossian Secondary School,,"Netball, Track and Field, Tennis, Taekwondo, Bowling, Rope Skipping","Choir, Modern Dance, Chinese Dance, Concert Band","Art and Crafts, Infocomm Technology (Media Production)",Girl Guides (Brownies)
Park View Primary School,Pasir Ris,Mixed-gender,-,,"Hockey, Netball, Football, Wushu, Volleyball","Choir, Guzheng Ensemble, Modern Dance","Art and Crafts, English Language, Drama and Debating, Infocomm Technology (Media Production)",Scouts
Fern Green Primary School,Sengkang,Mixed-gender,-,,"Basketball, Football, Tchoukball","Choir, Modern Dance, English Drama","Art and Crafts, Outdoor Activities Club, Infocomm Technology (Media Production)",Scouts
Bukit Timah Primary School,Bukit Timah,Mixed-gender,-,,"Badminton, Basketball, Rugby, Football, Wushu, Tchoukball, Modular CCA (Sports)","Choir, Brass Band, Modern Dance, English Drama","Art and Crafts, Infocomm Technology (Computing), Environmental Science","Boysâ€™ Brigade, Scouts"
Punggol Green Primary School,Punggol,Mixed-gender,-,,,,,
Palm View Primary School,Sengkang,Mixed-gender,-,,"Badminton, Basketball, Netball, Football, Table Tennis","Choir, String Ensemble, Modern Dance, English Drama","Art and Crafts, Robotics, Physical Science",Red Cross Youth
Northshore Primary School,Punggol,Mixed-gender,-,,,,,
South View Primary School,Choa Chu Kang,Mixed-gender,-,,"Badminton, Netball, Football, Floorball, Modular CCA (Sports)","Chinese Orchestra, Choir, Chinese Dance, Indian Dance, Malay Dance","Art and Crafts, Robotics, Digital Media, Media Resource Library, Physical Science","Boysâ€™ Brigade, Girlsâ€™ Brigade, Scouts"
Maha Bodhi School - Affiliated,Geylang,"Gov-aided, Mixed-gender, SAP",Manjusri Secondary School,,"Badminton, Basketball, Wushu","Chinese Orchestra, Choir, Guzheng Ensemble, Chinese Dance, Indian Dance, Malay Dance, Concert Band","Art and Crafts, Lion and Dragon Dance, Robotics, English Culture and Language, Media Resource Library, Home Economics, Physical Science",Scouts
Mayflower Primary School,Ang Mo Kio,Mixed-gender,-,,"Netball, Taekwondo, Volleyball, Tchoukball","Choir, String Ensemble, Guzheng Ensemble, Chinese Dance, Indian Dance, Malay Dance","Art and Crafts, Environmental Science, Infocomm Technology (Media Production)","Boysâ€™ Brigade, Girlsâ€™ Brigade, Scouts"
De La Salle School - Affiliated,Choa Chu Kang,"Gov-aided, Mixed-gender","St. Josephâ€™s Institution, St. Patrickâ€™s School",,"Basketball, Rugby, Wushu","Choir, Chinese Dance, Indian Dance, Malay Dance","Art and Crafts, Robotics","Scouts, Girl Guides (Brownies)"
Angsana Primary School,Tampines,Mixed-gender,-,,"Badminton, Netball, Football, Wushu","Choir, Concert Band","Infocomm Technology (Media Production), Physical Science","Red Cross Youth, Scouts"
East Spring Primary School,Tampines,Mixed-gender,-,,"Football, Wushu, Volleyball","Choir, Guzheng Ensemble, Chinese Dance, Indian Dance, Malay Dance","Art and Crafts, Physical Science",Scouts
Rosyth School,Serangoon,Mixed-gender,-,"70h, interview","Badminton, Basketball, Football, Track and Field, Tennis","Chinese Orchestra, Choir, Chinese Dance, Indian Dance, Malay Dance, Concert Band, Comics and Illustration","Art and Crafts, International Chess, Debating and Public Speaking, English Language, Drama and Debating, Mathematics, Infocomm Technology (Computing), Robotics, Environmental Science, Journalism","Scouts, Girl Guides (Brownies)"
Pei Chun Public School,Toa Payoh,"Gov-aided, Mixed-gender, SAP",-,,"Basketball, Table Tennis, Wushu, Volleyball","Chinese Orchestra, Choir, Chinese Dance","Art and Crafts, Chinese Calligraphy and Brush Painting, Chinese Weiqi","Scouts, Girl Guides (Brownies)"
Ang Mo Kio Primary School,Ang Mo Kio,Mixed-gender,-,,"Badminton, Basketball, Netball, Football, Track and Field, Table Tennis","Brass Band, Modern Dance, English Drama","Art and Crafts, Infocomm Technology (Computing), Robotics","Red Cross Youth, Scouts"
Qihua Primary School,Woodlands,Mixed-gender,-,,,,Speech and Drama,
Tao Nan School,Marine Parade,"Gov-aided, Mixed-gender, SAP",-,"Singapore Hokkein Huay Kuan, 2y membership, 80h ðŸ”—","Badminton, Basketball, Netball, Sailing, Track and Field, Wushu","Chinese Orchestra, Choir, Guzheng Ensemble","Art and Crafts, Media Resource Library, Physical Science","Boysâ€™ Brigade, Girlsâ€™ Brigade, Scouts, Girl Guides (Brownies)"
Kranji Primary School,Choa Chu Kang,Mixed-gender,-,,"Basketball, Football","Percussion Ensemble, Modern Dance","Art and Crafts, Infocomm Technology (Computing), Physical Science",Scouts
North View Primary School,Yishun,Mixed-gender,-,,"Basketball, Football, Floorball, Outdoor Adventure","Choir, Guzheng Ensemble, English Drama","Art and Crafts, Infocomm Technology (Computing)","Boysâ€™ Brigade, Girlsâ€™ Brigade, Scouts"
"CHIJ (Katong) Primary - Girls only, Affiliated",Bedok,"Gov-aided, Girls only",CHIJ Katong Convent,,"Badminton, Netball, Sailing, Track and Field, Bowling, Artistic Gymnastics","Choir, Handbell Ensemble","Art and Crafts, Infocomm Technology (Computing), Home Economics",Girl Guides (Brownies)
Riverside Primary School,Woodlands,Mixed-gender,-,40h,"Badminton, Basketball, Netball, Football, Track and Field, Floorball","Choir, String Ensemble, Modern Dance, English Drama","Art and Crafts, Robotics, Design, Environmental Science, Home Economics",Scouts
Huamin Primary School,Yishun,Mixed-gender,-,,"Badminton, Hockey, Floorball, Bowling","Angklung/Kulintang Ensemble, Guitar Ensemble, Chinese Dance, Indian Dance, English Drama","Art and Crafts, Ceramics, Robotics, Chinese Weiqi, Media Resource Library",Scouts
Northland Primary School,Yishun,Mixed-gender,-,"70h, apply in Mar","Basketball, Netball, Football, Track and Field, Wushu, Silat","Choir, String Ensemble, Handbell Ensemble, Chinese Dance","Art and Crafts, International Chess, Media Resource Library","Scouts, Girl Guides (Brownies)"
Yu Neng Primary School,Bedok,Mixed-gender,-,,"Badminton, Table Tennis, Volleyball, Floorball","Chinese Orchestra, Choir, Modern Dance, Malay Dance","Art and Crafts, Mathematics, Infocomm Technology (Computing), Physical Science",Scouts
Blangah Rise Primary School,Bukit Merah,Mixed-gender,-,,"Badminton, Basketball, Football",Modern Dance,"Art and Crafts, Infocomm Technology (Media Production), Physical Science","Red Cross Youth, Scouts"
"CHIJ Our Lady of Good Counsel - Girls only, Affiliated",Serangoon,"Gov-aided, Girls only",CHIJ St. Josephâ€™s Convent,40h,"Badminton, Netball, Bowling, Rhythmic Gymnastics","Choir, Modern Dance, English Drama","Art and Crafts, Robotics, Infocomm Technology (Media Production)",Girl Guides (Brownies)
Chongzheng Primary School,Tampines,Mixed-gender,-,,"Hockey, Rugby, Wushu, Modular CCA (Sports)","Angklung/Kulintang Ensemble, Choir, Modern Dance, Chinese Dance, Indian Dance, Malay Dance","Art and Crafts, Speech and Drama, Digital Media, Environmental Science","Scouts, Girl Guides (Brownies)"
Opera Estate Primary School,Bedok,Mixed-gender,-,,,,,
Ngee Ann Primary School - Affiliated,Marine Parade,"Gov-aided, Mixed-gender",Ngee Ann Secondary School,,"Badminton, Football, Track and Field, Table Tennis, Wushu, Floorball, Modular CCA (Sports)","Chinese Orchestra, Choir, Guzheng Ensemble, Chinese Dance, Indian Dance, Malay Dance","Art and Crafts, English Language, Drama and Debating, Infocomm Technology (Media Production)","Scouts, Girl Guides (Brownies)"
Greenridge Primary School,Bukit Panjang,Mixed-gender,-,,"Badminton, Basketball, Netball, Football, Wushu, Rockwall Climbing","Chinese Orchestra, Brass Band, Chinese Dance, Malay Dance, English Drama","Art and Crafts, Robotics, Media Resource Library, Infocomm Technology (Media Production), Physical Science","Boysâ€™ Brigade, Girlsâ€™ Brigade, Scouts"
Punggol View Primary School,Punggol,Mixed-gender,-,,"Badminton, Wushu, Floorball",Choir,"Art and Crafts, Community Service",Scouts
Pei Tong Primary School,Clementi,Mixed-gender,-,,"Badminton, Basketball, Rugby, Table Tennis","Angklung/Kulintang Ensemble, Chinese Orchestra, Choir",Art and Crafts,"Boysâ€™ Brigade, Girlsâ€™ Brigade, Girl Guides (Brownies)"
Kong Hwa School,Geylang,"Gov-aided, Mixed-gender, SAP",-,"Singapore Hokkein Huay Kuan, 2y membership, 80h ðŸ”—","Badminton, Basketball, Netball, Table Tennis, Wushu, Tchoukball","Chinese Orchestra, Choir, Guzheng Ensemble, Chinese Dance","Art and Crafts, Chinese Calligraphy and Brush Painting, Chinese Chess, Chinese Weiqi","Scouts, Girl Guides (Brownies)"
"Methodist Girlsâ€™ School (Primary) - Girls only, Affiliated",Bukit Timah,"Gov-aided, Girls only",Methodist Girlsâ€™ School (Secondary),"40h, apply in Apr","Netball, Softball, Swimming, Tennis, Floorball, Bowling, Artistic Gymnastics, Rhythmic Gymnastics, Artistic Swimming","Choir, Handbell Ensemble, Modern Dance, Dance - International, Tap Dance","Art and Crafts, Christian Fellowship, Infocomm Technology (Media Production)","Girlsâ€™ Brigade, Girl Guides (Brownies)"
Pasir Ris Primary School,Pasir Ris,Mixed-gender,-,40h,"Netball, Football, Taekwondo, Wushu, Floorball","Choir, Guzheng Ensemble",Infocomm Technology (Media Production),
Rivervale Primary School,Sengkang,Mixed-gender,-,,"Badminton, Basketball, Hockey, Netball, Football, Taekwondo","Choir, Brass Band, Guzheng Ensemble, Ballet, Chinese Dance, Indian Dance, Malay Dance","Art and Crafts, Debating and Public Speaking, Ceramics, Infocomm Technology (Computing), Robotics, Speech and Drama",Red Cross Youth
Evergreen Primary School,Woodlands,Mixed-gender,-,,"Badminton, Netball, Football","Chinese Orchestra, Chinese Dance, Indian Dance, Malay Dance",,Scouts
"St. Andrewâ€™s Junior School - Boys only, Affiliated",Toa Payoh,"Gov-aided, Boys only",St. Andrewâ€™s Secondary School,,"Badminton, Basketball, Hockey, Rugby, Swimming, Modular CCA (Sports)","Choir, Concert Band","Art and Crafts, International Chess, Digital Media, Environmental Science","Boysâ€™ Brigade, Scouts"
River Valley Primary School,Central,Mixed-gender,-,,"Badminton, Basketball, Netball, Football, Wushu, Volleyball, Floorball","Choir, English Drama","Art and Crafts, Infocomm Technology (Computing)","Red Cross Youth, Scouts, Girl Guides (Brownies)"
Farrer Park Primary School,Kallang,Mixed-gender,-,,,,,
White Sands Primary School,Pasir Ris,Mixed-gender,-,,"Netball, Football, Table Tennis, Tchoukball","Angklung/Kulintang Ensemble, Choir, Guzheng Ensemble, Modern Dance, Chinese Dance, Malay Dance","Art and Crafts, Infocomm Technology (Computing), Environmental Science, Infocomm Technology (Media Production)",Scouts
Zhenghua Primary School,Bukit Panjang,Mixed-gender,-,,"Basketball, Rugby, Football, Floorball","Choir, Brass Band, Chinese Dance, Indian Dance, Malay Dance","Art and Crafts, Robotics","Red Cross Youth, Girl Guides (Brownies)"
Naval Base Primary School,Yishun,Mixed-gender,-,,"Basketball, Football, Taekwondo, Golf",Concert Band,Art and Crafts,"Boysâ€™ Brigade, Girlsâ€™ Brigade, Red Cross Youth"
"St. Margaretâ€™s Primary School - Girls only, Affiliated",Central,"Gov-aided, Girls only",St. Margaretâ€™s Secondary School,,"Netball, Tennis, Bowling","Choir, Harmonica Ensemble, Chinese Dance",,"Girlsâ€™ Brigade, Girl Guides (Brownies)"
Ai Tong School,Bishan,"Gov-aided, Mixed-gender, SAP",-,"Singapore Hokkein Huay Kuan, 2y membership, 80h ðŸ”—","Badminton, Track and Field, Table Tennis, Wushu, Volleyball, Artistic Gymnastics","Choir, Guzheng Ensemble, Chinese Dance","Art and Crafts, Robotics","Scouts, Girl Guides (Brownies)"
Nan Chiau Primary School,Sengkang,"Gov-aided, Mixed-gender",-,"Singapore Hokkein Huay Kuan, 2y membership, 80h ðŸ”—","Badminton, Basketball, Netball, Football, Track and Field, Wushu","Choir, Guzheng Ensemble","Art and Crafts, Digital Media, Environmental Science",Girl Guides (Brownies)
Compassvale Primary School,Sengkang,Mixed-gender,-,,"Basketball, Netball, Football, Track and Field, Wushu, Golf","Harmonica Ensemble, Brass Band, Chinese Dance, Indian Dance, Malay Dance","Robotics, Physical Science",Red Cross Youth
Canberra Primary School,Sembawang,Mixed-gender,-,,"Badminton, Basketball, Football, Track and Field, Floorball","Choir, Chinese Dance, Indian Dance, Malay Dance, Concert Band","Art and Crafts, English Language, Drama and Debating, Infocomm Technology (Computing), Robotics, Media Resource Library, Home Economics","Scouts, Girl Guides (Brownies)"
Yumin Primary School,Tampines,Mixed-gender,-,,,,,Red Cross Youth
Meridian Primary School,Pasir Ris,Mixed-gender,-,,,,,
"CHIJ Our Lady Of The Nativity - Girls only, Affiliated",Hougang,"Gov-aided, Girls only",CHIJ St. Josephâ€™s Convent,,"Netball, Table Tennis, Floorball, Bowling","Choir, Brass Band, Modern Dance",Art and Crafts,Girl Guides (Brownies)
Shuqun Primary School,Jurong West,Mixed-gender,-,,"Basketball, Netball, Football, Wushu, Silat","Choir, Brass Band, Modern Dance","Art and Crafts, Publication, Media Resource Library, Environmental Science","Boysâ€™ Brigade, Girlsâ€™ Brigade, Scouts, Girl Guides (Brownies)"
Yishun Primary School,Yishun,Mixed-gender,-,,"Basketball, Football, Floorball","Angklung/Kulintang Ensemble, Gamelan Ensemble, Modern Dance, Chinese Dance, Indian Dance, Malay Dance, Concert Band","Art and Crafts, International Chess, Infocomm Technology (Computing), Environmental Science",Scouts
Woodlands Ring Primary School,Woodlands,Mixed-gender,-,,"Basketball, Football, Rope Skipping","Choir, Dance - International, Chinese Dance, Indian Dance, Malay Dance, Concert Band","Art and Crafts, Computer Club, Physical Science",Scouts
Greendale Primary School,Punggol,Mixed-gender,-,,"Badminton, Netball, Softball, Table Tennis, Wushu, Volleyball, Tchoukball","Choir, Guitar Ensemble, Harmonica Ensemble","International Chess, Chinese Calligraphy and Brush Painting, Infocomm Technology (Computing)","Boysâ€™ Brigade, Girlsâ€™ Brigade, Red Cross Youth"
Endeavour Primary School,Sembawang,Mixed-gender,-,,"Badminton, Basketball, Rugby, Sailing, Table Tennis, Wushu, Volleyball, Floorball","Choir, Guitar Ensemble, Guzheng Ensemble, Chinese Dance, Malay Dance, English Drama","Art and Crafts, Infocomm Technology (Computing)","Scouts, Girl Guides (Brownies)"
West Spring Primary School,Bukit Panjang,Mixed-gender,-,,"Badminton, Basketball, Football, Wushu","Choir, Ensemble -Mixed Instrument, Dance - International","Art and Crafts, Outdoor Activities Club, Chinese Calligraphy and Brush Painting, Robotics, Environmental Science, Mind Sports Club, Photo and Video Society",
Sengkang Green Primary School,Sengkang,Mixed-gender,-,,"Basketball, Football, Wushu, Floorball","Choir, String Ensemble, Guzheng Ensemble, Chinese Dance, Indian Dance, English Drama","Art and Crafts, Robotics",Scouts
Yew Tee Primary School,Choa Chu Kang,Mixed-gender,-,,"Badminton, Football, Wushu, Floorball, Rockwall Climbing","Angklung/Kulintang Ensemble, Choir, Dance - International","Art and Crafts, Infocomm Technology (Computing), Robotics, Media Resource Library",Boysâ€™ Brigade
Unity Primary School,Choa Chu Kang,Mixed-gender,-,,"Badminton, Basketball, Netball, Football, Floorball","Angklung/Kulintang Ensemble, Choir, Chinese Dance, Malay Dance","Art and Crafts, English Language, Drama and Debating, Mathematics, Environmental Science, Infocomm Technology (Media Production)",Scouts
"Catholic High School - Boys only, Affiliated",Bishan,"Autonomous, Gov-aided, Boys only, SAP",Catholic High School,,"Basketball, Softball, Table Tennis, Wushu, Volleyball, Modular CCA (Sports)","Chinese Orchestra, Choir, Modern Dance, Concert Band",Infocomm Technology (Computing),Scouts
Horizon Primary School,Punggol,Mixed-gender,-,,"Badminton, Basketball, Football, Swimming, Wushu, Bowling, Rope Skipping","Guitar Ensemble, Modern Dance, Tap Dance","Art and Crafts, International Chess, Debating and Public Speaking, Infocomm Technology (Computing), Robotics, Design and Innovation, Speech and Drama, Environmental Science, Community Service",Scouts
Jing Shan Primary School,Ang Mo Kio,Mixed-gender,-,,"Badminton, Basketball, Football, Rope Skipping, Tchoukball","Guzheng Ensemble, Modern Dance, Chinese Dance, Cultural Dance","Art and Crafts, Ceramics, Robotics, Design and Innovation, Environmental Science, Infocomm Technology (Media Production)","Scouts, Girl Guides (Brownies)"
Fengshan Primary School,Bedok,Mixed-gender,-,,"Basketball, Netball, Football, Wushu, Health and Fitness","Choir, Chinese Dance, Indian Dance, Malay Dance, Concert Band","Art and Crafts, Photography, Environmental Science","Boysâ€™ Brigade, Red Cross Youth, Scouts, Girl Guides (Brownies)"
Fairfield Methodist School (Primary) - Affiliated,Queenstown,"Gov-aided, Mixed-gender",Fairfield Methodist School (Secondary),40h,"Badminton, Basketball, Football, Volleyball, Modular CCA (Sports)","Choir, Handbell Ensemble, Chinese Dance, Concert Band",Art and Crafts,"Boysâ€™ Brigade, Girlsâ€™ Brigade, Red Cross Youth"
Queenstown Primary School,Queenstown,Mixed-gender,-,,"Badminton, Basketball, Football, Softball, Swimming","Chinese Orchestra, Choir, Modern Dance, Chinese Dance, Indian Dance, Malay Dance, English Drama","Art and Crafts, Mathematics, Infocomm Technology (Computing), Chinese Weiqi, Environmental Science","Boysâ€™ Brigade, Girlsâ€™ Brigade"
Xinghua Primary School,Hougang,Mixed-gender,-,,"Softball, Wushu, Volleyball","Angklung/Kulintang Ensemble, Choir, Guzheng Ensemble","Art and Crafts, Infocomm Technology (Computing)","Boysâ€™ Brigade, Girlsâ€™ Brigade"
Changkat Primary School,Tampines,Mixed-gender,-,,"Basketball, Track and Field, Wushu, Modular CCA (Sports)","Choir, Guitar Ensemble, Modern Dance",Art and Crafts,
Fuhua Primary School,Jurong East,Mixed-gender,-,,"Badminton, Netball, Football","Choir, Brass Band, Guzheng Ensemble, Modern Dance, Chinese Dance","Art and Crafts, Infocomm Technology (Computing), Design and Innovation, Environmental Science, Infocomm Technology (Media Production)",
Xingnan Primary School,Jurong West,Mixed-gender,-,,"Badminton, Basketball, Football, Table Tennis, Volleyball","Brass Band, Chinese Dance, Indian Dance, Malay Dance","Art and Crafts, Ceramics, Environmental Science, Infocomm Technology (Media Production)",Scouts
Zhangde Primary School,Bukit Merah,Mixed-gender,-,,"Badminton, Basketball, Football, Table Tennis, Wushu, Volleyball, Floorball, Rope Skipping","Choir, Chinese Dance, Malay Dance",Art and Crafts,"Boysâ€™ Brigade, Girlsâ€™ Brigade"
Teck Whye Primary School,Choa Chu Kang,Mixed-gender,-,,"Badminton, Basketball, Football, Track and Field, Modular CCA (Sports)","Choir, Chinese Dance, Malay Dance","Audio Visual Aid, Infocomm Technology (Computing), Design and Innovation, Speech and Drama, English Culture and Language, Environmental Science, Infocomm Technology (Media Production), Technology Club, Broadcasting",Scouts
Casuarina Primary School,Pasir Ris,Mixed-gender,-,,"Badminton, Rugby, Football, Wushu, Floorball","Choir, Modern Dance, Chinese Dance, Malay Dance, Concert Band","Art and Crafts, Environmental Science, Infocomm Technology (Media Production)","Scouts, Girl Guides (Brownies)"
Beacon Primary School,Bukit Panjang,Mixed-gender,-,,"Basketball, Netball, Football, Wushu, Tchoukball, Outdoor Adventure","Choir, Percussion Ensemble, Chinese Dance, Malay Dance, Ukulele Ensemble","Art and Crafts, Robotics, Environmental Science",Scouts
Mee Toh School - Affiliated,Punggol,"Gov-aided, Mixed-gender",Manjusri Secondary School,"60h, apply in Jul, drop in box at Main Gate during the 3 days! ðŸ”—","Badminton, Basketball, Wushu, Floorball","Chinese Orchestra, Choir, Modern Dance, Chinese Dance, Malay Dance, English Drama","Art and Crafts, Heritage, Publication, Robotics, Media Resource Library, Environmental Science, Infocomm Technology (Media Production)",Scouts
Nan Hua Primary School,Clementi,"Gov-aided, Mixed-gender, SAP",-,"40h, requires interview, apply in Mar",,,,
Edgefield Primary School,Punggol,Mixed-gender,-,,"Fencing, Football, Rope Skipping","Angklung/Kulintang Ensemble, Choir, Chinese Dance, Indian Dance, Malay Dance","Art and Crafts, Infocomm Technology (Computing), Physical Science",
Kuo Chuan Presbyterian Primary School - Affiliated,Bishan,"Gov-aided, Mixed-gender",Kuo Chuan Presbyterian Secondary School,,"Badminton, Basketball, Football, Swimming, Track and Field, Table Tennis, Artistic Gymnastics, Rope Skipping","Choir, Guitar Ensemble, Chinese Dance, Indian Dance, English Drama, Concert Band","Art and Crafts, Digital Media, Physical Science, Strategy Games","Boysâ€™ Brigade, Girlsâ€™ Brigade"
"CHIJ (Kellock) - Girls only, Affiliated",Bukit Merah,"Gov-aided, Girls only",CHIJ St. Theresaâ€™s Convent,,"Netball, Swimming, Tennis, Artistic Gymnastics, Rhythmic Gymnastics","Choir, String Ensemble","Art and Crafts, Ceramics, Home Economics",Girl Guides (Brownies)
"Anglo-Chinese School (Primary) - Boys only, Affiliated",Novena,"Gov-aided, Boys only","Anglo-Chinese School (Barker Road), Anglo-Chinese School (Independent)",,"Badminton, Basketball, Rugby, Football, Softball, Swimming, Track and Field, Tennis, Floorball, Bowling","Choir, Guitar Ensemble, String Ensemble, Modern Dance","Art and Crafts, Audio Visual Aid, International Chess, Infocomm Technology (Computing), Robotics, Physical Science","Boysâ€™ Brigade, Scouts"
Nanyang Primary School - Affiliated,Bukit Timah,"Gov-aided, Mixed-gender, SAP",Nanyang Girlsâ€™ High School,"80h, requires CV & interview","Badminton, Basketball, Football, Swimming, Track and Field, Table Tennis, Tennis, Wushu, Artistic Gymnastics","Chinese Orchestra, Choir, String Ensemble, Chinese Dance","Art and Crafts, International Chess, Chinese Calligraphy and Brush Painting, Robotics, Chinese Weiqi","Boysâ€™ Brigade, Girlsâ€™ Brigade, Scouts, Girl Guides (Brownies)"
Bukit View Primary School,Bukit Batok,Mixed-gender,-,,"Badminton, Netball, Football, Wushu","Angklung/Kulintang Ensemble, Choir, Chinese Dance, Indian Dance, Malay Dance, English Drama","Art and Crafts, Strategy Games",Red Cross Youth
West Grove Primary School,Jurong West,Mixed-gender,-,,"Badminton, Football, Rope Skipping","Choir, String Ensemble, Guzheng Ensemble","Art and Crafts, Robotics, Environmental Science, Infocomm Technology (Media Production)","Boysâ€™ Brigade, Girlsâ€™ Brigade, Scouts, Girl Guides (Brownies)"
North Vista Primary School,Sengkang,Mixed-gender,-,,"Rugby, Softball","Choir, Chinese Dance","Art and Crafts, English Culture and Language, Environmental Science","Boysâ€™ Brigade, Girlsâ€™ Brigade, Scouts"
St. Anthonyâ€™s Primary School - Affiliated,Bukit Batok,"Gov-aided, Mixed-gender","St. Josephâ€™s Institution, St. Patrickâ€™s School",,"Badminton, Football, Taekwondo, Floorball, Tchoukball, Modular CCA (Sports)","Choir, Brass Band, Modern Dance, Chinese Dance","Art and Crafts, English Language, Drama and Debating, Infocomm Technology (Computing), Robotics, Environmental Science","Scouts, Girl Guides (Brownies)"
Woodgrove Primary School,Woodlands,Mixed-gender,-,,"Badminton, Basketball, Netball, Football, Table Tennis, Taekwondo, Wushu, Rope Skipping","Chinese Orchestra, Choir, Modern Dance, Chinese Dance, Indian Dance, Malay Dance, English Drama","Art and Crafts, Mathematics, Chinese Culture and Language, Robotics, Dikir Barat, Digital Media, Media Resource Library, Physical Science","Scouts, Girl Guides (Brownies)"
Princess Elizabeth Primary School,Bukit Batok,Mixed-gender,-,,,,,
Keming Primary School,Bukit Batok,Mixed-gender,-,,"Badminton, Wushu, Floorball",Chinese Dance,"Art and Crafts, Infocomm Technology (Media Production), Physical Science","Boysâ€™ Brigade, Girlsâ€™ Brigade, Scouts"
"CHIJ St. Nicholas Girlsâ€™ School - Girls only, Affiliated",Ang Mo Kio,"Autonomous, Gov-aided, Girls only, SAP",CHIJ St. Nicholas Girlsâ€™ School,"40h + 20h after getting a place, apply by Dec",,"Guzheng Ensemble, Chinese Dance, English Drama","Art and Crafts, Audio Visual Aid, Chinese Culture and Language, Media Resource Library, Innovatorsâ€™ Club",Girl Guides (Brownies)
Telok Kurau Primary School,Bedok,Mixed-gender,-,,"Basketball, Football, Wushu","Choir, Guzheng Ensemble, Chinese Dance, Indian Dance, Malay Dance","Art and Crafts, Lion and Dragon Dance, Robotics","Scouts, Girl Guides (Brownies)"
Red Swastika School,Bedok,"Gov-aided, Mixed-gender, SAP",-,40h,"Badminton, Track and Field, Table Tennis, Wushu, Bowling","Chinese Orchestra, Guzheng Ensemble, Modern Dance, Chinese Dance","Art and Crafts, Chinese Culture and Language, Robotics, Design and Innovation","Scouts, Girl Guides (Brownies)"
Cantonment Primary School,Bukit Merah,Mixed-gender,-,,"Badminton, Basketball, Hockey, Football, Softball, Wushu, Volleyball","Choir, Guitar Ensemble","Infocomm Technology (Media Production), Physical Science","Red Cross Youth, Scouts"
Jiemin Primary School,Yishun,Mixed-gender,-,,"Basketball, Taekwondo, Floorball, Modular CCA (Sports)","Angklung/Kulintang Ensemble, Guzheng Ensemble, Modern Dance, Chinese Dance, Malay Dance","Art and Crafts, Robotics, Journalism",Red Cross Youth
